id,date,article,amount
1,2018-01-03,Nussgipfel,8
2,2018-01-04,Nussgipfel,7
3,2018-01-05,Nussgipfel,7
4,2018-01-08,Nussgipfel,6
5,2018-01-09,Nussgipfel,10
6,2018-01-10,Nussgipfel,6
7,2018-01-11,Nussgipfel,8
8,2018-01-12,Nussgipfel,12
9,2018-01-15,Nussgipfel,7
10,2018-01-16,Nussgipfel,28
11,2018-01-17,Nussgipfel,11
12,2018-01-18,Nussgipfel,15
13,2018-01-19,Nussgipfel,15
14,2018-01-22,Nussgipfel,8
15,2018-01-23,Nussgipfel,13
16,2018-01-24,Nussgipfel,20
17,2018-01-25,Nussgipfel,18
18,2018-01-26,Nussgipfel,23
19,2018-01-29,Nussgipfel,30
20,2018-01-30,Nussgipfel,17
21,2018-01-31,Nussgipfel,14
22,2018-02-01,Nussgipfel,20
23,2018-02-02,Nussgipfel,19
24,2018-02-05,Nussgipfel,19
25,2018-02-06,Nussgipfel,18
26,2018-02-07,Nussgipfel,10
27,2018-02-08,Nussgipfel,18
28,2018-02-09,Nussgipfel,13
29,2018-02-12,Nussgipfel,18
30,2018-02-13,Nussgipfel,14
31,2018-02-14,Nussgipfel,13
32,2018-02-15,Nussgipfel,12
33,2018-02-16,Nussgipfel,19
34,2018-02-19,Nussgipfel,17
35,2018-02-20,Nussgipfel,38
36,2018-02-21,Nussgipfel,10
37,2018-02-22,Nussgipfel,19
38,2018-02-23,Nussgipfel,21
39,2018-02-26,Nussgipfel,19
40,2018-02-27,Nussgipfel,26
41,2018-02-28,Nussgipfel,12
42,2018-03-01,Nussgipfel,25
43,2018-03-02,Nussgipfel,23
44,2018-03-05,Nussgipfel,18
45,2018-03-06,Nussgipfel,18
46,2018-03-07,Nussgipfel,13
47,2018-03-08,Nussgipfel,19
48,2018-03-09,Nussgipfel,12
49,2018-03-12,Nussgipfel,4
50,2018-03-13,Nussgipfel,17
51,2018-03-14,Nussgipfel,20
52,2018-03-15,Nussgipfel,14
53,2018-03-16,Nussgipfel,21
54,2018-03-19,Nussgipfel,13
55,2018-03-20,Nussgipfel,28
56,2018-03-21,Nussgipfel,24
57,2018-03-22,Nussgipfel,22
58,2018-03-23,Nussgipfel,36
59,2018-03-26,Nussgipfel,6
60,2018-03-27,Nussgipfel,14
61,2018-03-28,Nussgipfel,17
62,2018-03-29,Nussgipfel,13
63,2018-04-03,Nussgipfel,11
64,2018-04-04,Nussgipfel,15
65,2018-04-05,Nussgipfel,21
66,2018-04-06,Nussgipfel,21
67,2018-04-09,Nussgipfel,13
68,2018-04-10,Nussgipfel,25
69,2018-04-11,Nussgipfel,14
70,2018-04-12,Nussgipfel,13
71,2018-04-13,Nussgipfel,25
72,2018-04-16,Nussgipfel,16
73,2018-04-17,Nussgipfel,13
74,2018-04-18,Nussgipfel,5
75,2018-04-19,Nussgipfel,19
76,2018-04-20,Nussgipfel,15
77,2018-04-23,Nussgipfel,29
78,2018-04-24,Nussgipfel,41
79,2018-04-25,Nussgipfel,15
80,2018-04-26,Nussgipfel,28
81,2018-04-27,Nussgipfel,21
82,2018-04-30,Nussgipfel,16
83,2018-05-01,Nussgipfel,20
84,2018-05-02,Nussgipfel,19
85,2018-05-03,Nussgipfel,19
86,2018-05-04,Nussgipfel,19
87,2018-05-07,Nussgipfel,19
88,2018-05-08,Nussgipfel,17
89,2018-05-09,Nussgipfel,15
90,2018-05-11,Nussgipfel,15
91,2018-05-14,Nussgipfel,13
92,2018-05-15,Nussgipfel,19
93,2018-05-16,Nussgipfel,13
94,2018-05-17,Nussgipfel,17
95,2018-05-18,Nussgipfel,18
96,2018-05-22,Nussgipfel,15
97,2018-05-23,Nussgipfel,21
98,2018-05-24,Nussgipfel,23
99,2018-05-25,Nussgipfel,55
100,2018-05-28,Nussgipfel,34
101,2018-05-29,Nussgipfel,15
102,2018-05-30,Nussgipfel,18
103,2018-05-31,Nussgipfel,22
104,2018-06-01,Nussgipfel,22
105,2018-06-04,Nussgipfel,9
106,2018-06-05,Nussgipfel,17
107,2018-06-06,Nussgipfel,58
108,2018-06-07,Nussgipfel,20
109,2018-06-08,Nussgipfel,18
110,2018-06-11,Nussgipfel,7
111,2018-06-12,Nussgipfel,32
112,2018-06-13,Nussgipfel,14
113,2018-06-14,Nussgipfel,17
114,2018-06-15,Nussgipfel,16
115,2018-06-18,Nussgipfel,18
116,2018-06-19,Nussgipfel,11
117,2018-06-20,Nussgipfel,20
118,2018-06-21,Nussgipfel,22
119,2018-06-22,Nussgipfel,21
120,2018-06-25,Nussgipfel,9
121,2018-06-26,Nussgipfel,21
122,2018-06-27,Nussgipfel,12
123,2018-06-28,Nussgipfel,16
124,2018-06-29,Nussgipfel,19
125,2018-07-02,Nussgipfel,20
126,2018-07-03,Nussgipfel,18
127,2018-07-04,Nussgipfel,11
128,2018-07-05,Nussgipfel,10
129,2018-07-06,Nussgipfel,25
130,2018-07-09,Nussgipfel,18
131,2018-07-10,Nussgipfel,19
132,2018-07-11,Nussgipfel,25
133,2018-07-12,Nussgipfel,17
134,2018-07-13,Nussgipfel,16
135,2018-07-16,Nussgipfel,12
136,2018-07-17,Nussgipfel,11
137,2018-07-18,Nussgipfel,15
138,2018-07-19,Nussgipfel,20
139,2018-07-20,Nussgipfel,31
140,2018-07-23,Nussgipfel,9
141,2018-07-24,Nussgipfel,21
142,2018-07-25,Nussgipfel,26
143,2018-07-26,Nussgipfel,16
144,2018-07-27,Nussgipfel,14
145,2018-07-30,Nussgipfel,14
146,2018-07-31,Nussgipfel,11
147,2018-08-02,Nussgipfel,19
148,2018-08-03,Nussgipfel,17
149,2018-08-06,Nussgipfel,10
150,2018-08-07,Nussgipfel,26
151,2018-08-08,Nussgipfel,10
152,2018-08-09,Nussgipfel,27
153,2018-08-10,Nussgipfel,17
154,2018-08-13,Nussgipfel,20
155,2018-08-14,Nussgipfel,10
156,2018-08-15,Nussgipfel,14
157,2018-08-16,Nussgipfel,24
158,2018-08-17,Nussgipfel,18
171,2018-09-05,Nussgipfel,17
181,2018-09-19,Nussgipfel,19
185,2018-09-25,Nussgipfel,19
193,2018-10-05,Nussgipfel,36
199,2018-10-15,Nussgipfel,36
208,2018-10-26,Nussgipfel,20
218,2018-11-09,Nussgipfel,21
225,2018-11-20,Nussgipfel,4
232,2018-11-29,Nussgipfel,13
242,2018-12-13,Nussgipfel,8
253,2019-01-08,Nussgipfel,18
260,2019-01-17,Nussgipfel,19
270,2019-01-31,Nussgipfel,13
276,2019-02-08,Nussgipfel,16
282,2019-02-18,Nussgipfel,11
287,2019-02-25,Nussgipfel,12
299,2019-03-13,Nussgipfel,23
311,2019-03-29,Nussgipfel,25
321,2019-04-12,Nussgipfel,15
330,2019-04-29,Nussgipfel,16
341,2019-05-14,Nussgipfel,17
348,2019-05-23,Nussgipfel,26
357,2019-06-06,Nussgipfel,22
370,2019-06-26,Nussgipfel,19
380,2019-07-10,Nussgipfel,23
391,2019-07-25,Nussgipfel,22
403,2019-08-13,Nussgipfel,17
417,2019-09-02,Nussgipfel,7
428,2019-09-17,Nussgipfel,17
439,2019-10-02,Nussgipfel,15
450,2019-10-17,Nussgipfel,27
462,2019-11-04,Nussgipfel,13
473,2019-11-19,Nussgipfel,12
486,2019-12-06,Nussgipfel,14
494,2019-12-18,Nussgipfel,15
501,2020-01-08,Nussgipfel,11
507,2020-01-16,Nussgipfel,9
518,2020-01-31,Nussgipfel,18
525,2020-02-11,Nussgipfel,17
537,2020-02-27,Nussgipfel,12
545,2020-03-10,Nussgipfel,22
557,2020-03-26,Nussgipfel,22
568,2020-04-14,Nussgipfel,14
574,2020-04-22,Nussgipfel,23
580,2020-04-30,Nussgipfel,14
589,2020-05-13,Nussgipfel,17
599,2020-05-28,Nussgipfel,22
608,2020-06-11,Nussgipfel,32
617,2020-06-24,Nussgipfel,20
626,2020-07-07,Nussgipfel,21
633,2020-07-16,Nussgipfel,27
644,2020-07-31,Nussgipfel,25
654,2020-08-14,Nussgipfel,13
663,2020-08-27,Nussgipfel,21
674,2020-09-11,Nussgipfel,30
683,2020-09-24,Nussgipfel,22
691,2020-10-06,Nussgipfel,23
701,2020-10-20,Nussgipfel,26
711,2020-11-03,Nussgipfel,12
719,2020-11-13,Nussgipfel,24
732,2020-12-02,Nussgipfel,16
744,2020-12-18,Nussgipfel,14
758,2021-01-15,Nussgipfel,27
770,2021-02-02,Nussgipfel,24
779,2021-02-15,Nussgipfel,26
790,2021-03-02,Nussgipfel,36
804,2021-03-22,Nussgipfel,19
814,2021-04-07,Nussgipfel,19
825,2021-04-22,Nussgipfel,29
837,2021-05-10,Nussgipfel,20
850,2021-05-31,Nussgipfel,17
861,2021-06-15,Nussgipfel,19
872,2021-06-30,Nussgipfel,21
885,2021-07-19,Nussgipfel,9
894,2021-07-30,Nussgipfel,21
905,2021-08-16,Nussgipfel,17
915,2021-08-30,Nussgipfel,9
925,2021-09-13,Nussgipfel,17
937,2021-09-29,Nussgipfel,54
946,2021-10-12,Nussgipfel,25
952,2021-10-20,Nussgipfel,16
963,2021-11-04,Nussgipfel,24
971,2021-11-16,Nussgipfel,30
981,2021-11-30,Nussgipfel,18
991,2021-12-14,Nussgipfel,13
1002,2022-01-05,Nussgipfel,14
1015,2022-01-24,Nussgipfel,17
1026,2022-02-08,Nussgipfel,18
1037,2022-02-23,Nussgipfel,21
1047,2022-03-09,Nussgipfel,21
1058,2022-03-24,Nussgipfel,20
1068,2022-04-07,Nussgipfel,19
1077,2022-04-22,Nussgipfel,27
1088,2022-05-09,Nussgipfel,15
1094,2022-05-17,Nussgipfel,13
1100,2022-05-25,Nussgipfel,22
1107,2022-06-07,Nussgipfel,16
1114,2022-06-16,Nussgipfel,37
1125,2022-07-01,Nussgipfel,16
1133,2022-07-13,Nussgipfel,24
1143,2022-07-27,Nussgipfel,48
1153,2022-08-11,Nussgipfel,21
1160,2022-08-22,Nussgipfel,22
1170,2022-09-05,Nussgipfel,16
1180,2022-09-19,Nussgipfel,19
1192,2022-10-05,Nussgipfel,29
1205,2022-10-24,Nussgipfel,17
1215,2022-11-07,Nussgipfel,24
1226,2022-11-22,Nussgipfel,13
1237,2022-12-07,Nussgipfel,10
1248,2022-12-22,Nussgipfel,11
1260,2023-01-17,Nussgipfel,6
1272,2023-02-02,Nussgipfel,18
1283,2023-02-17,Nussgipfel,30
1294,2023-03-06,Nussgipfel,17
1299,2023-03-13,Nussgipfel,21
1309,2023-03-27,Nussgipfel,15
1318,2023-04-11,Nussgipfel,6
1329,2023-04-26,Nussgipfel,17
1337,2023-05-08,Nussgipfel,14
1349,2023-05-25,Nussgipfel,20
1359,2023-06-09,Nussgipfel,32
1370,2023-06-26,Nussgipfel,25
1380,2023-07-10,Nussgipfel,22
1385,2023-07-17,Nussgipfel,14
1397,2023-08-03,Nussgipfel,28
1406,2023-08-16,Nussgipfel,28
1418,2023-09-01,Nussgipfel,26
1426,2023-09-13,Nussgipfel,5
1436,2023-09-27,Nussgipfel,15
1446,2023-10-11,Nussgipfel,17
1456,2023-10-25,Nussgipfel,11
1468,2023-11-10,Nussgipfel,14
1480,2023-11-28,Nussgipfel,15
1493,2023-12-15,Nussgipfel,11
1503,2024-01-09,Nussgipfel,5
1512,2024-01-22,Nussgipfel,17
1521,2024-02-02,Nussgipfel,17
1532,2024-02-19,Nussgipfel,12
1541,2024-03-01,Nussgipfel,14
1550,2024-03-14,Nussgipfel,11
1565,2024-04-08,Nussgipfel,17
1577,2024-04-24,Nussgipfel,9
1586,2024-05-07,Nussgipfel,15
1598,2024-05-27,Nussgipfel,18
1609,2024-06-11,Nussgipfel,14
1619,2024-06-25,Nussgipfel,31
1629,2024-07-09,Nussgipfel,24
1638,2024-07-22,Nussgipfel,11
1652,2024-08-12,Nussgipfel,31
1663,2024-08-27,Nussgipfel,21
1672,2024-09-09,Nussgipfel,11
1682,2024-09-23,Nussgipfel,18
1689,2024-10-02,Nussgipfel,21
1695,2024-10-10,Nussgipfel,18
159,2018-08-20,Nussgipfel,15
170,2018-09-04,Nussgipfel,22
180,2018-09-18,Nussgipfel,52
186,2018-09-26,Nussgipfel,16
194,2018-10-08,Nussgipfel,23
205,2018-10-23,Nussgipfel,19
214,2018-11-05,Nussgipfel,16
227,2018-11-22,Nussgipfel,15
236,2018-12-05,Nussgipfel,5
244,2018-12-17,Nussgipfel,17
257,2019-01-14,Nussgipfel,9
268,2019-01-29,Nussgipfel,16
278,2019-02-12,Nussgipfel,18
288,2019-02-26,Nussgipfel,19
300,2019-03-14,Nussgipfel,20
309,2019-03-27,Nussgipfel,20
316,2019-04-05,Nussgipfel,18
324,2019-04-17,Nussgipfel,17
333,2019-05-02,Nussgipfel,19
339,2019-05-10,Nussgipfel,15
346,2019-05-21,Nussgipfel,18
352,2019-05-29,Nussgipfel,22
361,2019-06-13,Nussgipfel,21
373,2019-07-01,Nussgipfel,23
383,2019-07-15,Nussgipfel,15
395,2019-07-31,Nussgipfel,16
405,2019-08-15,Nussgipfel,33
412,2019-08-26,Nussgipfel,14
419,2019-09-04,Nussgipfel,16
430,2019-09-19,Nussgipfel,17
441,2019-10-04,Nussgipfel,11
451,2019-10-18,Nussgipfel,6
460,2019-10-31,Nussgipfel,15
469,2019-11-13,Nussgipfel,15
482,2019-12-02,Nussgipfel,17
493,2019-12-17,Nussgipfel,16
505,2020-01-14,Nussgipfel,15
516,2020-01-29,Nussgipfel,18
522,2020-02-06,Nussgipfel,9
529,2020-02-17,Nussgipfel,13
535,2020-02-25,Nussgipfel,14
547,2020-03-12,Nussgipfel,22
555,2020-03-24,Nussgipfel,13
564,2020-04-06,Nussgipfel,18
578,2020-04-28,Nussgipfel,14
588,2020-05-12,Nussgipfel,12
596,2020-05-25,Nussgipfel,15
610,2020-06-15,Nussgipfel,19
619,2020-06-26,Nussgipfel,24
625,2020-07-06,Nussgipfel,22
632,2020-07-15,Nussgipfel,17
641,2020-07-28,Nussgipfel,26
652,2020-08-12,Nussgipfel,33
662,2020-08-26,Nussgipfel,25
672,2020-09-09,Nussgipfel,21
686,2020-09-29,Nussgipfel,17
696,2020-10-13,Nussgipfel,22
707,2020-10-28,Nussgipfel,21
716,2020-11-10,Nussgipfel,18
725,2020-11-23,Nussgipfel,10
735,2020-12-07,Nussgipfel,9
742,2020-12-16,Nussgipfel,6
755,2021-01-12,Nussgipfel,18
762,2021-01-21,Nussgipfel,22
772,2021-02-04,Nussgipfel,36
783,2021-02-19,Nussgipfel,49
789,2021-03-01,Nussgipfel,19
798,2021-03-12,Nussgipfel,20
811,2021-03-31,Nussgipfel,16
821,2021-04-16,Nussgipfel,20
833,2021-05-04,Nussgipfel,15
844,2021-05-20,Nussgipfel,26
854,2021-06-04,Nussgipfel,12
865,2021-06-21,Nussgipfel,14
877,2021-07-07,Nussgipfel,21
890,2021-07-26,Nussgipfel,5
901,2021-08-10,Nussgipfel,17
911,2021-08-24,Nussgipfel,21
920,2021-09-06,Nussgipfel,16
931,2021-09-21,Nussgipfel,27
941,2021-10-05,Nussgipfel,51
949,2021-10-15,Nussgipfel,34
959,2021-10-29,Nussgipfel,16
966,2021-11-09,Nussgipfel,27
976,2021-11-23,Nussgipfel,18
987,2021-12-08,Nussgipfel,20
996,2021-12-21,Nussgipfel,17
1010,2022-01-17,Nussgipfel,13
1022,2022-02-02,Nussgipfel,19
1034,2022-02-18,Nussgipfel,17
1045,2022-03-07,Nussgipfel,17
1051,2022-03-15,Nussgipfel,13
1056,2022-03-22,Nussgipfel,21
1062,2022-03-30,Nussgipfel,25
1072,2022-04-13,Nussgipfel,20
1084,2022-05-03,Nussgipfel,18
1095,2022-05-18,Nussgipfel,19
1101,2022-05-27,Nussgipfel,19
1108,2022-06-08,Nussgipfel,11
1115,2022-06-17,Nussgipfel,40
1126,2022-07-04,Nussgipfel,14
1137,2022-07-19,Nussgipfel,30
1146,2022-08-02,Nussgipfel,34
1155,2022-08-15,Nussgipfel,17
1167,2022-08-31,Nussgipfel,17
1176,2022-09-13,Nussgipfel,29
1181,2022-09-20,Nussgipfel,14
1188,2022-09-29,Nussgipfel,22
1194,2022-10-07,Nussgipfel,14
1201,2022-10-18,Nussgipfel,34
1207,2022-10-26,Nussgipfel,20
1219,2022-11-11,Nussgipfel,20
1231,2022-11-29,Nussgipfel,14
1242,2022-12-14,Nussgipfel,10
1254,2023-01-09,Nussgipfel,7
1264,2023-01-23,Nussgipfel,17
1276,2023-02-08,Nussgipfel,13
1284,2023-02-20,Nussgipfel,19
1293,2023-03-03,Nussgipfel,43
1298,2023-03-10,Nussgipfel,25
1307,2023-03-23,Nussgipfel,18
1317,2023-04-06,Nussgipfel,48
1326,2023-04-21,Nussgipfel,27
1336,2023-05-05,Nussgipfel,37
1348,2023-05-24,Nussgipfel,35
1358,2023-06-08,Nussgipfel,13
1371,2023-06-27,Nussgipfel,22
1383,2023-07-13,Nussgipfel,26
1391,2023-07-25,Nussgipfel,16
1402,2023-08-10,Nussgipfel,18
1413,2023-08-25,Nussgipfel,24
1423,2023-09-08,Nussgipfel,20
1431,2023-09-20,Nussgipfel,13
1441,2023-10-04,Nussgipfel,14
1453,2023-10-20,Nussgipfel,13
1464,2023-11-06,Nussgipfel,11
1469,2023-11-13,Nussgipfel,12
1476,2023-11-22,Nussgipfel,13
1481,2023-11-29,Nussgipfel,11
1488,2023-12-08,Nussgipfel,9
1494,2023-12-18,Nussgipfel,10
1505,2024-01-11,Nussgipfel,11
1514,2024-01-24,Nussgipfel,11
1523,2024-02-06,Nussgipfel,13
1533,2024-02-20,Nussgipfel,15
1545,2024-03-07,Nussgipfel,11
1555,2024-03-21,Nussgipfel,12
1560,2024-03-28,Nussgipfel,13
1571,2024-04-16,Nussgipfel,19
1579,2024-04-26,Nussgipfel,11
1589,2024-05-13,Nussgipfel,15
1596,2024-05-23,Nussgipfel,13
1607,2024-06-07,Nussgipfel,16
1617,2024-06-21,Nussgipfel,13
1627,2024-07-05,Nussgipfel,33
1640,2024-07-24,Nussgipfel,18
1653,2024-08-13,Nussgipfel,24
160,2018-08-21,Nussgipfel,27
169,2018-09-03,Nussgipfel,14
175,2018-09-11,Nussgipfel,23
191,2018-10-03,Nussgipfel,20
203,2018-10-19,Nussgipfel,19
215,2018-11-06,Nussgipfel,18
226,2018-11-21,Nussgipfel,12
237,2018-12-06,Nussgipfel,9
248,2018-12-21,Nussgipfel,15
254,2019-01-09,Nussgipfel,9
266,2019-01-25,Nussgipfel,22
277,2019-02-11,Nussgipfel,30
289,2019-02-27,Nussgipfel,29
297,2019-03-11,Nussgipfel,15
307,2019-03-25,Nussgipfel,13
318,2019-04-09,Nussgipfel,31
329,2019-04-26,Nussgipfel,35
343,2019-05-16,Nussgipfel,43
353,2019-05-31,Nussgipfel,13
364,2019-06-18,Nussgipfel,26
375,2019-07-03,Nussgipfel,21
384,2019-07-16,Nussgipfel,17
394,2019-07-30,Nussgipfel,18
407,2019-08-19,Nussgipfel,13
414,2019-08-28,Nussgipfel,25
425,2019-09-12,Nussgipfel,17
436,2019-09-27,Nussgipfel,17
447,2019-10-14,Nussgipfel,15
457,2019-10-28,Nussgipfel,14
471,2019-11-15,Nussgipfel,20
480,2019-11-28,Nussgipfel,18
491,2019-12-13,Nussgipfel,13
504,2020-01-13,Nussgipfel,11
513,2020-01-24,Nussgipfel,11
523,2020-02-07,Nussgipfel,17
530,2020-02-18,Nussgipfel,17
536,2020-02-26,Nussgipfel,10
546,2020-03-11,Nussgipfel,18
558,2020-03-27,Nussgipfel,24
567,2020-04-09,Nussgipfel,24
575,2020-04-23,Nussgipfel,25
586,2020-05-08,Nussgipfel,30
597,2020-05-26,Nussgipfel,21
606,2020-06-09,Nussgipfel,25
616,2020-06-23,Nussgipfel,23
629,2020-07-10,Nussgipfel,25
639,2020-07-24,Nussgipfel,28
648,2020-08-06,Nussgipfel,18
656,2020-08-18,Nussgipfel,16
666,2020-09-01,Nussgipfel,20
675,2020-09-14,Nussgipfel,18
687,2020-09-30,Nussgipfel,24
694,2020-10-09,Nussgipfel,22
706,2020-10-27,Nussgipfel,26
712,2020-11-04,Nussgipfel,46
722,2020-11-18,Nussgipfel,24
731,2020-12-01,Nussgipfel,6
743,2020-12-17,Nussgipfel,16
756,2021-01-13,Nussgipfel,19
769,2021-02-01,Nussgipfel,20
777,2021-02-11,Nussgipfel,29
787,2021-02-25,Nussgipfel,38
797,2021-03-11,Nussgipfel,17
809,2021-03-29,Nussgipfel,16
819,2021-04-14,Nussgipfel,18
830,2021-04-29,Nussgipfel,30
843,2021-05-19,Nussgipfel,28
853,2021-06-03,Nussgipfel,19
863,2021-06-17,Nussgipfel,18
878,2021-07-08,Nussgipfel,11
891,2021-07-27,Nussgipfel,8
900,2021-08-09,Nussgipfel,27
906,2021-08-17,Nussgipfel,24
916,2021-08-31,Nussgipfel,29
923,2021-09-09,Nussgipfel,21
932,2021-09-22,Nussgipfel,36
940,2021-10-04,Nussgipfel,18
948,2021-10-14,Nussgipfel,35
958,2021-10-28,Nussgipfel,65
968,2021-11-11,Nussgipfel,24
978,2021-11-25,Nussgipfel,19
989,2021-12-10,Nussgipfel,20
1001,2022-01-04,Nussgipfel,11
1008,2022-01-13,Nussgipfel,14
1021,2022-02-01,Nussgipfel,18
1031,2022-02-15,Nussgipfel,20
1040,2022-02-28,Nussgipfel,20
1049,2022-03-11,Nussgipfel,28
1059,2022-03-25,Nussgipfel,28
1070,2022-04-11,Nussgipfel,24
1081,2022-04-28,Nussgipfel,36
1092,2022-05-13,Nussgipfel,18
1105,2022-06-02,Nussgipfel,22
1118,2022-06-22,Nussgipfel,29
1129,2022-07-07,Nussgipfel,34
1140,2022-07-22,Nussgipfel,32
1149,2022-08-05,Nussgipfel,20
1156,2022-08-16,Nussgipfel,22
1165,2022-08-29,Nussgipfel,14
1174,2022-09-09,Nussgipfel,16
1186,2022-09-27,Nussgipfel,12
1199,2022-10-14,Nussgipfel,19
1211,2022-11-01,Nussgipfel,37
1222,2022-11-16,Nussgipfel,28
1233,2022-12-01,Nussgipfel,15
1246,2022-12-20,Nussgipfel,9
1259,2023-01-16,Nussgipfel,26
1271,2023-02-01,Nussgipfel,18
1282,2023-02-16,Nussgipfel,19
1291,2023-03-01,Nussgipfel,19
1303,2023-03-17,Nussgipfel,39
1314,2023-04-03,Nussgipfel,17
1324,2023-04-19,Nussgipfel,22
1332,2023-05-01,Nussgipfel,15
1342,2023-05-15,Nussgipfel,12
1354,2023-06-02,Nussgipfel,21
1364,2023-06-16,Nussgipfel,20
1379,2023-07-07,Nussgipfel,40
1388,2023-07-20,Nussgipfel,16
1399,2023-08-07,Nussgipfel,17
1408,2023-08-18,Nussgipfel,40
1417,2023-08-31,Nussgipfel,40
1427,2023-09-14,Nussgipfel,9
1437,2023-09-28,Nussgipfel,14
1447,2023-10-12,Nussgipfel,26
1457,2023-10-26,Nussgipfel,21
1466,2023-11-08,Nussgipfel,19
1478,2023-11-24,Nussgipfel,14
1491,2023-12-13,Nussgipfel,10
1501,2024-01-05,Nussgipfel,6
1508,2024-01-16,Nussgipfel,13
1518,2024-01-30,Nussgipfel,50
1528,2024-02-13,Nussgipfel,25
1537,2024-02-26,Nussgipfel,15
1547,2024-03-11,Nussgipfel,13
1557,2024-03-25,Nussgipfel,16
1569,2024-04-12,Nussgipfel,26
1581,2024-04-30,Nussgipfel,33
1591,2024-05-15,Nussgipfel,13
1601,2024-05-30,Nussgipfel,22
1612,2024-06-14,Nussgipfel,18
1621,2024-06-27,Nussgipfel,23
1630,2024-07-10,Nussgipfel,18
1635,2024-07-17,Nussgipfel,20
1641,2024-07-25,Nussgipfel,22
1648,2024-08-06,Nussgipfel,51
1657,2024-08-19,Nussgipfel,17
1664,2024-08-28,Nussgipfel,21
1674,2024-09-11,Nussgipfel,19
1684,2024-09-25,Nussgipfel,24
1696,2024-10-11,Nussgipfel,17
161,2018-08-22,Nussgipfel,39
172,2018-09-06,Nussgipfel,23
182,2018-09-20,Nussgipfel,20
196,2018-10-10,Nussgipfel,20
206,2018-10-24,Nussgipfel,23
216,2018-11-07,Nussgipfel,19
224,2018-11-19,Nussgipfel,25
231,2018-11-28,Nussgipfel,16
239,2018-12-10,Nussgipfel,25
251,2019-01-04,Nussgipfel,8
262,2019-01-21,Nussgipfel,17
272,2019-02-04,Nussgipfel,25
283,2019-02-19,Nussgipfel,13
294,2019-03-06,Nussgipfel,19
303,2019-03-19,Nussgipfel,21
314,2019-04-03,Nussgipfel,20
323,2019-04-16,Nussgipfel,19
332,2019-05-01,Nussgipfel,32
344,2019-05-17,Nussgipfel,18
355,2019-06-04,Nussgipfel,24
366,2019-06-20,Nussgipfel,31
378,2019-07-08,Nussgipfel,15
388,2019-07-22,Nussgipfel,15
397,2019-08-05,Nussgipfel,24
406,2019-08-16,Nussgipfel,23
413,2019-08-27,Nussgipfel,17
420,2019-09-05,Nussgipfel,10
429,2019-09-18,Nussgipfel,22
433,2019-09-24,Nussgipfel,8
443,2019-10-08,Nussgipfel,20
455,2019-10-24,Nussgipfel,23
464,2019-11-06,Nussgipfel,18
472,2019-11-18,Nussgipfel,8
481,2019-11-29,Nussgipfel,18
490,2019-12-12,Nussgipfel,15
500,2020-01-07,Nussgipfel,10
511,2020-01-22,Nussgipfel,19
521,2020-02-05,Nussgipfel,11
534,2020-02-24,Nussgipfel,22
544,2020-03-09,Nussgipfel,19
554,2020-03-23,Nussgipfel,25
565,2020-04-07,Nussgipfel,20
576,2020-04-24,Nussgipfel,23
585,2020-05-07,Nussgipfel,36
593,2020-05-19,Nussgipfel,22
605,2020-06-08,Nussgipfel,21
615,2020-06-22,Nussgipfel,26
628,2020-07-09,Nussgipfel,26
637,2020-07-22,Nussgipfel,20
649,2020-08-07,Nussgipfel,23
659,2020-08-21,Nussgipfel,23
669,2020-09-04,Nussgipfel,27
679,2020-09-18,Nussgipfel,31
690,2020-10-05,Nussgipfel,22
698,2020-10-15,Nussgipfel,16
704,2020-10-23,Nussgipfel,20
715,2020-11-09,Nussgipfel,24
724,2020-11-20,Nussgipfel,43
737,2020-12-09,Nussgipfel,12
747,2020-12-23,Nussgipfel,14
753,2021-01-08,Nussgipfel,24
760,2021-01-19,Nussgipfel,26
767,2021-01-28,Nussgipfel,20
778,2021-02-12,Nussgipfel,17
788,2021-02-26,Nussgipfel,26
796,2021-03-10,Nussgipfel,24
800,2021-03-16,Nussgipfel,19
807,2021-03-25,Nussgipfel,23
818,2021-04-13,Nussgipfel,25
826,2021-04-23,Nussgipfel,20
835,2021-05-06,Nussgipfel,17
848,2021-05-27,Nussgipfel,17
859,2021-06-11,Nussgipfel,22
871,2021-06-29,Nussgipfel,29
884,2021-07-16,Nussgipfel,13
895,2021-08-02,Nussgipfel,18
904,2021-08-13,Nussgipfel,20
914,2021-08-27,Nussgipfel,22
924,2021-09-10,Nussgipfel,18
933,2021-09-23,Nussgipfel,22
945,2021-10-11,Nussgipfel,21
956,2021-10-26,Nussgipfel,14
965,2021-11-08,Nussgipfel,17
977,2021-11-24,Nussgipfel,23
985,2021-12-06,Nussgipfel,14
993,2021-12-16,Nussgipfel,16
998,2021-12-23,Nussgipfel,20
1005,2022-01-10,Nussgipfel,22
1012,2022-01-19,Nussgipfel,16
1018,2022-01-27,Nussgipfel,17
1024,2022-02-04,Nussgipfel,19
1035,2022-02-21,Nussgipfel,21
1046,2022-03-08,Nussgipfel,20
1057,2022-03-23,Nussgipfel,13
1067,2022-04-06,Nussgipfel,21
1078,2022-04-25,Nussgipfel,16
1089,2022-05-10,Nussgipfel,16
1102,2022-05-30,Nussgipfel,14
1109,2022-06-09,Nussgipfel,19
1121,2022-06-27,Nussgipfel,20
1131,2022-07-11,Nussgipfel,51
1142,2022-07-26,Nussgipfel,22
1152,2022-08-10,Nussgipfel,25
1161,2022-08-23,Nussgipfel,24
1175,2022-09-12,Nussgipfel,19
1185,2022-09-26,Nussgipfel,18
1197,2022-10-12,Nussgipfel,19
1208,2022-10-27,Nussgipfel,17
1218,2022-11-10,Nussgipfel,16
1227,2022-11-23,Nussgipfel,20
1232,2022-11-30,Nussgipfel,10
1238,2022-12-08,Nussgipfel,16
1243,2022-12-15,Nussgipfel,9
1249,2022-12-23,Nussgipfel,27
1256,2023-01-11,Nussgipfel,10
1261,2023-01-18,Nussgipfel,18
1267,2023-01-26,Nussgipfel,28
1273,2023-02-03,Nussgipfel,26
1281,2023-02-15,Nussgipfel,23
1292,2023-03-02,Nussgipfel,20
1304,2023-03-20,Nussgipfel,22
1313,2023-03-31,Nussgipfel,19
1322,2023-04-17,Nussgipfel,18
1333,2023-05-02,Nussgipfel,18
1343,2023-05-16,Nussgipfel,24
1355,2023-06-05,Nussgipfel,12
1365,2023-06-19,Nussgipfel,16
1378,2023-07-06,Nussgipfel,28
1390,2023-07-24,Nussgipfel,9
1401,2023-08-09,Nussgipfel,20
1410,2023-08-22,Nussgipfel,32
1420,2023-09-05,Nussgipfel,20
1433,2023-09-22,Nussgipfel,14
1444,2023-10-09,Nussgipfel,17
1451,2023-10-18,Nussgipfel,15
1461,2023-11-01,Nussgipfel,17
1473,2023-11-17,Nussgipfel,14
1486,2023-12-06,Nussgipfel,8
1497,2023-12-21,Nussgipfel,20
1509,2024-01-17,Nussgipfel,8
1520,2024-02-01,Nussgipfel,21
1527,2024-02-12,Nussgipfel,12
1539,2024-02-28,Nussgipfel,25
1548,2024-03-12,Nussgipfel,13
1558,2024-03-26,Nussgipfel,68
1567,2024-04-10,Nussgipfel,21
1576,2024-04-23,Nussgipfel,34
1587,2024-05-08,Nussgipfel,14
1597,2024-05-24,Nussgipfel,17
1606,2024-06-06,Nussgipfel,18
1615,2024-06-19,Nussgipfel,18
1625,2024-07-03,Nussgipfel,21
1636,2024-07-18,Nussgipfel,22
1642,2024-07-26,Nussgipfel,37
1649,2024-08-07,Nussgipfel,19
1660,2024-08-22,Nussgipfel,30
1670,2024-09-05,Nussgipfel,22
162,2018-08-23,Nussgipfel,33
173,2018-09-07,Nussgipfel,20
183,2018-09-21,Nussgipfel,16
197,2018-10-11,Nussgipfel,20
207,2018-10-25,Nussgipfel,20
217,2018-11-08,Nussgipfel,17
228,2018-11-23,Nussgipfel,16
241,2018-12-12,Nussgipfel,6
249,2018-12-24,Nussgipfel,3
259,2019-01-16,Nussgipfel,19
269,2019-01-30,Nussgipfel,20
280,2019-02-14,Nussgipfel,20
291,2019-03-01,Nussgipfel,15
304,2019-03-20,Nussgipfel,22
313,2019-04-02,Nussgipfel,27
327,2019-04-24,Nussgipfel,15
338,2019-05-09,Nussgipfel,22
350,2019-05-27,Nussgipfel,24
359,2019-06-11,Nussgipfel,15
369,2019-06-25,Nussgipfel,22
376,2019-07-04,Nussgipfel,16
387,2019-07-19,Nussgipfel,22
398,2019-08-06,Nussgipfel,15
404,2019-08-14,Nussgipfel,18
411,2019-08-23,Nussgipfel,20
418,2019-09-03,Nussgipfel,7
424,2019-09-11,Nussgipfel,16
435,2019-09-26,Nussgipfel,15
446,2019-10-11,Nussgipfel,15
458,2019-10-29,Nussgipfel,16
470,2019-11-14,Nussgipfel,14
479,2019-11-27,Nussgipfel,17
489,2019-12-11,Nussgipfel,13
499,2020-01-06,Nussgipfel,6
512,2020-01-23,Nussgipfel,16
524,2020-02-10,Nussgipfel,7
531,2020-02-19,Nussgipfel,13
542,2020-03-05,Nussgipfel,15
552,2020-03-19,Nussgipfel,26
562,2020-04-02,Nussgipfel,29
570,2020-04-16,Nussgipfel,18
581,2020-05-01,Nussgipfel,17
591,2020-05-15,Nussgipfel,14
600,2020-05-29,Nussgipfel,18
609,2020-06-12,Nussgipfel,37
620,2020-06-29,Nussgipfel,15
630,2020-07-13,Nussgipfel,19
640,2020-07-27,Nussgipfel,31
650,2020-08-10,Nussgipfel,22
660,2020-08-24,Nussgipfel,19
671,2020-09-08,Nussgipfel,28
685,2020-09-28,Nussgipfel,15
695,2020-10-12,Nussgipfel,19
705,2020-10-26,Nussgipfel,14
713,2020-11-05,Nussgipfel,16
723,2020-11-19,Nussgipfel,23
733,2020-12-03,Nussgipfel,11
745,2020-12-21,Nussgipfel,13
757,2021-01-14,Nussgipfel,12
768,2021-01-29,Nussgipfel,24
780,2021-02-16,Nussgipfel,27
793,2021-03-05,Nussgipfel,22
805,2021-03-23,Nussgipfel,21
816,2021-04-09,Nussgipfel,17
829,2021-04-28,Nussgipfel,17
841,2021-05-17,Nussgipfel,17
852,2021-06-02,Nussgipfel,18
864,2021-06-18,Nussgipfel,19
876,2021-07-06,Nussgipfel,12
888,2021-07-22,Nussgipfel,13
898,2021-08-05,Nussgipfel,42
908,2021-08-19,Nussgipfel,14
918,2021-09-02,Nussgipfel,18
929,2021-09-17,Nussgipfel,45
942,2021-10-06,Nussgipfel,18
955,2021-10-25,Nussgipfel,15
967,2021-11-10,Nussgipfel,17
975,2021-11-22,Nussgipfel,15
986,2021-12-07,Nussgipfel,17
997,2021-12-22,Nussgipfel,26
1011,2022-01-18,Nussgipfel,23
1023,2022-02-03,Nussgipfel,20
1032,2022-02-16,Nussgipfel,21
1043,2022-03-03,Nussgipfel,20
1054,2022-03-18,Nussgipfel,20
1065,2022-04-04,Nussgipfel,15
1075,2022-04-20,Nussgipfel,15
1082,2022-04-29,Nussgipfel,19
1087,2022-05-06,Nussgipfel,32
1093,2022-05-16,Nussgipfel,20
1099,2022-05-24,Nussgipfel,17
1106,2022-06-03,Nussgipfel,19
1113,2022-06-15,Nussgipfel,30
1119,2022-06-23,Nussgipfel,20
1124,2022-06-30,Nussgipfel,41
1132,2022-07-12,Nussgipfel,24
1141,2022-07-25,Nussgipfel,14
1151,2022-08-09,Nussgipfel,21
1163,2022-08-25,Nussgipfel,25
1173,2022-09-08,Nussgipfel,16
1187,2022-09-28,Nussgipfel,14
1200,2022-10-17,Nussgipfel,19
1210,2022-10-31,Nussgipfel,16
1221,2022-11-15,Nussgipfel,18
1230,2022-11-28,Nussgipfel,18
1241,2022-12-13,Nussgipfel,13
1255,2023-01-10,Nussgipfel,21
1266,2023-01-25,Nussgipfel,18
1277,2023-02-09,Nussgipfel,16
1286,2023-02-22,Nussgipfel,16
1296,2023-03-08,Nussgipfel,13
1306,2023-03-22,Nussgipfel,23
1316,2023-04-05,Nussgipfel,38
1325,2023-04-20,Nussgipfel,23
1338,2023-05-09,Nussgipfel,17
1347,2023-05-23,Nussgipfel,25
1357,2023-06-07,Nussgipfel,58
1368,2023-06-22,Nussgipfel,20
1374,2023-06-30,Nussgipfel,13
1384,2023-07-14,Nussgipfel,16
1392,2023-07-26,Nussgipfel,16
1403,2023-08-11,Nussgipfel,53
1412,2023-08-24,Nussgipfel,35
1424,2023-09-11,Nussgipfel,31
1435,2023-09-26,Nussgipfel,17
1445,2023-10-10,Nussgipfel,22
1455,2023-10-24,Nussgipfel,18
1467,2023-11-09,Nussgipfel,19
1479,2023-11-27,Nussgipfel,16
1492,2023-12-14,Nussgipfel,14
1502,2024-01-08,Nussgipfel,7
1513,2024-01-23,Nussgipfel,15
1524,2024-02-07,Nussgipfel,14
1534,2024-02-21,Nussgipfel,19
1544,2024-03-06,Nussgipfel,16
1553,2024-03-19,Nussgipfel,26
1563,2024-04-04,Nussgipfel,18
1572,2024-04-17,Nussgipfel,13
1584,2024-05-03,Nussgipfel,9
1594,2024-05-21,Nussgipfel,20
1602,2024-05-31,Nussgipfel,27
1610,2024-06-12,Nussgipfel,14
1620,2024-06-26,Nussgipfel,23
1631,2024-07-11,Nussgipfel,15
1644,2024-07-30,Nussgipfel,21
1654,2024-08-14,Nussgipfel,28
1667,2024-09-02,Nussgipfel,21
1680,2024-09-19,Nussgipfel,15
1693,2024-10-08,Nussgipfel,14
163,2018-08-24,Nussgipfel,14
168,2018-08-31,Nussgipfel,13
174,2018-09-10,Nussgipfel,15
188,2018-09-28,Nussgipfel,13
201,2018-10-17,Nussgipfel,17
213,2018-11-02,Nussgipfel,17
221,2018-11-14,Nussgipfel,38
233,2018-11-30,Nussgipfel,15
245,2018-12-18,Nussgipfel,12
258,2019-01-15,Nussgipfel,9
267,2019-01-28,Nussgipfel,10
279,2019-02-13,Nussgipfel,59
290,2019-02-28,Nussgipfel,29
298,2019-03-12,Nussgipfel,24
310,2019-03-28,Nussgipfel,20
320,2019-04-11,Nussgipfel,15
328,2019-04-25,Nussgipfel,18
335,2019-05-06,Nussgipfel,17
345,2019-05-20,Nussgipfel,14
356,2019-06-05,Nussgipfel,22
363,2019-06-17,Nussgipfel,20
371,2019-06-27,Nussgipfel,24
381,2019-07-11,Nussgipfel,17
390,2019-07-24,Nussgipfel,22
402,2019-08-12,Nussgipfel,15
416,2019-08-30,Nussgipfel,19
427,2019-09-16,Nussgipfel,18
437,2019-09-30,Nussgipfel,18
444,2019-10-09,Nussgipfel,20
453,2019-10-22,Nussgipfel,11
461,2019-11-01,Nussgipfel,20
467,2019-11-11,Nussgipfel,7
475,2019-11-21,Nussgipfel,12
485,2019-12-05,Nussgipfel,3
497,2019-12-23,Nussgipfel,8
510,2020-01-21,Nussgipfel,13
520,2020-02-04,Nussgipfel,9
533,2020-02-21,Nussgipfel,28
543,2020-03-06,Nussgipfel,17
553,2020-03-20,Nussgipfel,30
563,2020-04-03,Nussgipfel,26
572,2020-04-20,Nussgipfel,27
583,2020-05-05,Nussgipfel,17
598,2020-05-27,Nussgipfel,28
607,2020-06-10,Nussgipfel,20
618,2020-06-25,Nussgipfel,23
627,2020-07-08,Nussgipfel,23
638,2020-07-23,Nussgipfel,37
647,2020-08-05,Nussgipfel,27
655,2020-08-17,Nussgipfel,12
667,2020-09-02,Nussgipfel,22
678,2020-09-17,Nussgipfel,27
681,2020-09-22,Nussgipfel,17
693,2020-10-08,Nussgipfel,17
703,2020-10-22,Nussgipfel,21
714,2020-11-06,Nussgipfel,19
726,2020-11-24,Nussgipfel,18
734,2020-12-04,Nussgipfel,41
741,2020-12-15,Nussgipfel,13
751,2021-01-06,Nussgipfel,8
764,2021-01-25,Nussgipfel,17
775,2021-02-09,Nussgipfel,18
786,2021-02-24,Nussgipfel,39
795,2021-03-09,Nussgipfel,20
806,2021-03-24,Nussgipfel,16
815,2021-04-08,Nussgipfel,30
823,2021-04-20,Nussgipfel,17
832,2021-05-03,Nussgipfel,22
840,2021-05-14,Nussgipfel,23
847,2021-05-26,Nussgipfel,21
858,2021-06-10,Nussgipfel,27
868,2021-06-24,Nussgipfel,17
874,2021-07-02,Nussgipfel,18
881,2021-07-13,Nussgipfel,14
887,2021-07-21,Nussgipfel,12
897,2021-08-04,Nussgipfel,29
909,2021-08-20,Nussgipfel,21
919,2021-09-03,Nussgipfel,21
930,2021-09-20,Nussgipfel,21
938,2021-09-30,Nussgipfel,17
950,2021-10-18,Nussgipfel,16
960,2021-11-01,Nussgipfel,30
972,2021-11-17,Nussgipfel,18
980,2021-11-29,Nussgipfel,18
990,2021-12-13,Nussgipfel,12
1004,2022-01-07,Nussgipfel,12
1017,2022-01-26,Nussgipfel,14
1028,2022-02-10,Nussgipfel,16
1038,2022-02-24,Nussgipfel,20
1048,2022-03-10,Nussgipfel,44
1060,2022-03-28,Nussgipfel,20
1069,2022-04-08,Nussgipfel,24
1076,2022-04-21,Nussgipfel,22
1083,2022-05-02,Nussgipfel,28
1096,2022-05-19,Nussgipfel,19
1110,2022-06-10,Nussgipfel,17
1120,2022-06-24,Nussgipfel,17
1130,2022-07-08,Nussgipfel,20
1138,2022-07-20,Nussgipfel,12
1150,2022-08-08,Nussgipfel,13
1164,2022-08-26,Nussgipfel,12
1172,2022-09-07,Nussgipfel,13
1184,2022-09-23,Nussgipfel,17
1198,2022-10-13,Nussgipfel,16
1209,2022-10-28,Nussgipfel,19
1220,2022-11-14,Nussgipfel,10
1229,2022-11-25,Nussgipfel,10
1239,2022-12-09,Nussgipfel,8
1253,2023-01-06,Nussgipfel,16
1263,2023-01-20,Nussgipfel,22
1275,2023-02-07,Nussgipfel,12
1288,2023-02-24,Nussgipfel,38
1300,2023-03-14,Nussgipfel,16
1310,2023-03-28,Nussgipfel,16
1320,2023-04-13,Nussgipfel,19
1331,2023-04-28,Nussgipfel,30
1341,2023-05-12,Nussgipfel,8
1353,2023-06-01,Nussgipfel,35
1361,2023-06-13,Nussgipfel,19
1367,2023-06-21,Nussgipfel,14
1373,2023-06-29,Nussgipfel,23
1381,2023-07-11,Nussgipfel,23
1393,2023-07-27,Nussgipfel,24
1404,2023-08-14,Nussgipfel,18
1419,2023-09-04,Nussgipfel,22
1429,2023-09-18,Nussgipfel,12
1442,2023-10-05,Nussgipfel,16
1454,2023-10-23,Nussgipfel,15
1465,2023-11-07,Nussgipfel,18
1470,2023-11-14,Nussgipfel,13
1477,2023-11-23,Nussgipfel,29
1482,2023-11-30,Nussgipfel,14
1489,2023-12-11,Nussgipfel,11
1495,2023-12-19,Nussgipfel,9
1504,2024-01-10,Nussgipfel,9
1515,2024-01-25,Nussgipfel,17
1525,2024-02-08,Nussgipfel,14
1535,2024-02-22,Nussgipfel,15
1546,2024-03-08,Nussgipfel,15
1554,2024-03-20,Nussgipfel,18
1562,2024-04-03,Nussgipfel,12
1573,2024-04-18,Nussgipfel,11
1585,2024-05-06,Nussgipfel,24
1595,2024-05-22,Nussgipfel,9
1605,2024-06-05,Nussgipfel,18
1616,2024-06-20,Nussgipfel,24
1626,2024-07-04,Nussgipfel,25
1637,2024-07-19,Nussgipfel,29
1643,2024-07-29,Nussgipfel,20
1650,2024-08-08,Nussgipfel,19
1661,2024-08-23,Nussgipfel,34
1671,2024-09-06,Nussgipfel,21
1686,2024-09-27,Nussgipfel,42
164,2018-08-27,Nussgipfel,11
177,2018-09-13,Nussgipfel,19
187,2018-09-27,Nussgipfel,14
195,2018-10-09,Nussgipfel,22
204,2018-10-22,Nussgipfel,26
211,2018-10-31,Nussgipfel,42
222,2018-11-15,Nussgipfel,13
234,2018-12-03,Nussgipfel,12
246,2018-12-19,Nussgipfel,15
255,2019-01-10,Nussgipfel,15
265,2019-01-24,Nussgipfel,13
271,2019-02-01,Nussgipfel,7
281,2019-02-15,Nussgipfel,23
292,2019-03-04,Nussgipfel,24
302,2019-03-18,Nussgipfel,19
315,2019-04-04,Nussgipfel,13
325,2019-04-18,Nussgipfel,11
336,2019-05-07,Nussgipfel,20
349,2019-05-24,Nussgipfel,30
360,2019-06-12,Nussgipfel,48
368,2019-06-24,Nussgipfel,14
377,2019-07-05,Nussgipfel,17
389,2019-07-23,Nussgipfel,25
399,2019-08-07,Nussgipfel,16
409,2019-08-21,Nussgipfel,12
422,2019-09-09,Nussgipfel,15
432,2019-09-23,Nussgipfel,7
442,2019-10-07,Nussgipfel,26
449,2019-10-16,Nussgipfel,20
459,2019-10-30,Nussgipfel,14
468,2019-11-12,Nussgipfel,14
477,2019-11-25,Nussgipfel,17
483,2019-12-03,Nussgipfel,14
492,2019-12-16,Nussgipfel,16
506,2020-01-15,Nussgipfel,16
515,2020-01-28,Nussgipfel,9
526,2020-02-12,Nussgipfel,9
538,2020-02-28,Nussgipfel,27
549,2020-03-16,Nussgipfel,29
560,2020-03-31,Nussgipfel,11
571,2020-04-17,Nussgipfel,15
582,2020-05-04,Nussgipfel,26
592,2020-05-18,Nussgipfel,19
602,2020-06-03,Nussgipfel,20
611,2020-06-16,Nussgipfel,23
621,2020-06-30,Nussgipfel,37
631,2020-07-14,Nussgipfel,26
643,2020-07-30,Nussgipfel,44
651,2020-08-11,Nussgipfel,23
661,2020-08-25,Nussgipfel,25
670,2020-09-07,Nussgipfel,20
680,2020-09-21,Nussgipfel,17
689,2020-10-02,Nussgipfel,29
700,2020-10-19,Nussgipfel,22
710,2020-11-02,Nussgipfel,20
721,2020-11-17,Nussgipfel,23
728,2020-11-26,Nussgipfel,16
740,2020-12-14,Nussgipfel,15
750,2021-01-05,Nussgipfel,16
765,2021-01-26,Nussgipfel,27
776,2021-02-10,Nussgipfel,14
784,2021-02-22,Nussgipfel,30
794,2021-03-08,Nussgipfel,20
802,2021-03-18,Nussgipfel,14
812,2021-04-01,Nussgipfel,18
824,2021-04-21,Nussgipfel,29
834,2021-05-05,Nussgipfel,22
842,2021-05-18,Nussgipfel,19
855,2021-06-07,Nussgipfel,19
866,2021-06-22,Nussgipfel,12
879,2021-07-09,Nussgipfel,19
889,2021-07-23,Nussgipfel,19
899,2021-08-06,Nussgipfel,23
907,2021-08-18,Nussgipfel,21
917,2021-09-01,Nussgipfel,27
928,2021-09-16,Nussgipfel,15
939,2021-10-01,Nussgipfel,19
951,2021-10-19,Nussgipfel,21
961,2021-11-02,Nussgipfel,17
970,2021-11-15,Nussgipfel,15
982,2021-12-01,Nussgipfel,16
992,2021-12-15,Nussgipfel,19
1003,2022-01-06,Nussgipfel,7
1016,2022-01-25,Nussgipfel,21
1027,2022-02-09,Nussgipfel,16
1039,2022-02-25,Nussgipfel,35
1050,2022-03-14,Nussgipfel,17
1061,2022-03-29,Nussgipfel,30
1071,2022-04-12,Nussgipfel,13
1080,2022-04-27,Nussgipfel,36
1090,2022-05-11,Nussgipfel,20
1103,2022-05-31,Nussgipfel,18
1116,2022-06-20,Nussgipfel,40
1127,2022-07-05,Nussgipfel,22
1136,2022-07-18,Nussgipfel,18
1147,2022-08-03,Nussgipfel,19
1157,2022-08-17,Nussgipfel,22
1166,2022-08-30,Nussgipfel,23
1178,2022-09-15,Nussgipfel,18
1191,2022-10-04,Nussgipfel,14
1204,2022-10-21,Nussgipfel,17
1214,2022-11-04,Nussgipfel,20
1224,2022-11-18,Nussgipfel,19
1236,2022-12-06,Nussgipfel,16
1247,2022-12-21,Nussgipfel,10
1258,2023-01-13,Nussgipfel,13
1270,2023-01-31,Nussgipfel,15
1280,2023-02-14,Nussgipfel,19
1290,2023-02-28,Nussgipfel,31
1302,2023-03-16,Nussgipfel,20
1311,2023-03-29,Nussgipfel,21
1321,2023-04-14,Nussgipfel,34
1330,2023-04-27,Nussgipfel,22
1340,2023-05-11,Nussgipfel,29
1344,2023-05-17,Nussgipfel,30
1351,2023-05-30,Nussgipfel,25
1362,2023-06-14,Nussgipfel,14
1376,2023-07-04,Nussgipfel,26
1386,2023-07-18,Nussgipfel,20
1395,2023-07-31,Nussgipfel,50
1400,2023-08-08,Nussgipfel,22
1411,2023-08-23,Nussgipfel,34
1421,2023-09-06,Nussgipfel,27
1430,2023-09-19,Nussgipfel,14
1439,2023-10-02,Nussgipfel,25
1450,2023-10-17,Nussgipfel,17
1459,2023-10-30,Nussgipfel,14
1472,2023-11-16,Nussgipfel,23
1484,2023-12-04,Nussgipfel,13
1496,2023-12-20,Nussgipfel,9
1507,2024-01-15,Nussgipfel,11
1516,2024-01-26,Nussgipfel,19
1530,2024-02-15,Nussgipfel,12
1540,2024-02-29,Nussgipfel,15
1549,2024-03-13,Nussgipfel,14
1559,2024-03-27,Nussgipfel,17
1568,2024-04-11,Nussgipfel,26
1580,2024-04-29,Nussgipfel,15
1590,2024-05-14,Nussgipfel,10
1600,2024-05-29,Nussgipfel,15
1611,2024-06-13,Nussgipfel,20
1622,2024-06-28,Nussgipfel,22
1633,2024-07-15,Nussgipfel,15
1646,2024-08-02,Nussgipfel,28
1656,2024-08-16,Nussgipfel,32
1666,2024-08-30,Nussgipfel,44
1675,2024-09-12,Nussgipfel,19
1685,2024-09-26,Nussgipfel,6
1697,2024-10-14,Nussgipfel,8
165,2018-08-28,Nussgipfel,14
176,2018-09-12,Nussgipfel,15
190,2018-10-02,Nussgipfel,12
202,2018-10-18,Nussgipfel,19
212,2018-11-01,Nussgipfel,22
220,2018-11-13,Nussgipfel,21
230,2018-11-27,Nussgipfel,19
238,2018-12-07,Nussgipfel,8
247,2018-12-20,Nussgipfel,16
256,2019-01-11,Nussgipfel,14
264,2019-01-23,Nussgipfel,13
273,2019-02-05,Nussgipfel,15
284,2019-02-20,Nussgipfel,22
293,2019-03-05,Nussgipfel,26
301,2019-03-15,Nussgipfel,23
308,2019-03-26,Nussgipfel,19
319,2019-04-10,Nussgipfel,8
331,2019-04-30,Nussgipfel,15
342,2019-05-15,Nussgipfel,34
354,2019-06-03,Nussgipfel,19
365,2019-06-19,Nussgipfel,30
374,2019-07-02,Nussgipfel,19
385,2019-07-17,Nussgipfel,23
393,2019-07-29,Nussgipfel,31
401,2019-08-09,Nussgipfel,20
415,2019-08-29,Nussgipfel,16
426,2019-09-13,Nussgipfel,21
438,2019-10-01,Nussgipfel,18
445,2019-10-10,Nussgipfel,16
454,2019-10-23,Nussgipfel,21
465,2019-11-07,Nussgipfel,22
478,2019-11-26,Nussgipfel,52
484,2019-12-04,Nussgipfel,15
498,2019-12-24,Nussgipfel,4
509,2020-01-20,Nussgipfel,14
519,2020-02-03,Nussgipfel,8
532,2020-02-20,Nussgipfel,15
541,2020-03-04,Nussgipfel,20
550,2020-03-17,Nussgipfel,17
561,2020-04-01,Nussgipfel,15
569,2020-04-15,Nussgipfel,19
579,2020-04-29,Nussgipfel,20
590,2020-05-14,Nussgipfel,27
601,2020-06-02,Nussgipfel,19
613,2020-06-18,Nussgipfel,22
623,2020-07-02,Nussgipfel,20
636,2020-07-21,Nussgipfel,26
646,2020-08-04,Nussgipfel,14
657,2020-08-19,Nussgipfel,32
665,2020-08-31,Nussgipfel,17
676,2020-09-15,Nussgipfel,33
684,2020-09-25,Nussgipfel,18
697,2020-10-14,Nussgipfel,32
708,2020-10-29,Nussgipfel,18
718,2020-11-12,Nussgipfel,19
730,2020-11-30,Nussgipfel,16
738,2020-12-10,Nussgipfel,8
746,2020-12-22,Nussgipfel,14
752,2021-01-07,Nussgipfel,16
759,2021-01-18,Nussgipfel,13
766,2021-01-27,Nussgipfel,26
774,2021-02-08,Nussgipfel,17
785,2021-02-23,Nussgipfel,23
799,2021-03-15,Nussgipfel,12
810,2021-03-30,Nussgipfel,18
820,2021-04-15,Nussgipfel,21
827,2021-04-26,Nussgipfel,11
838,2021-05-11,Nussgipfel,33
845,2021-05-21,Nussgipfel,21
851,2021-06-01,Nussgipfel,26
856,2021-06-08,Nussgipfel,42
862,2021-06-16,Nussgipfel,23
867,2021-06-23,Nussgipfel,18
873,2021-07-01,Nussgipfel,29
880,2021-07-12,Nussgipfel,18
886,2021-07-20,Nussgipfel,12
896,2021-08-03,Nussgipfel,17
910,2021-08-23,Nussgipfel,20
921,2021-09-07,Nussgipfel,18
927,2021-09-15,Nussgipfel,14
936,2021-09-28,Nussgipfel,17
947,2021-10-13,Nussgipfel,49
954,2021-10-22,Nussgipfel,21
964,2021-11-05,Nussgipfel,23
973,2021-11-18,Nussgipfel,22
984,2021-12-03,Nussgipfel,12
995,2021-12-20,Nussgipfel,15
1009,2022-01-14,Nussgipfel,26
1020,2022-01-31,Nussgipfel,13
1029,2022-02-11,Nussgipfel,17
1036,2022-02-22,Nussgipfel,27
1044,2022-03-04,Nussgipfel,18
1055,2022-03-21,Nussgipfel,14
1066,2022-04-05,Nussgipfel,21
1079,2022-04-26,Nussgipfel,21
1091,2022-05-12,Nussgipfel,31
1104,2022-06-01,Nussgipfel,21
1117,2022-06-21,Nussgipfel,17
1128,2022-07-06,Nussgipfel,24
1139,2022-07-21,Nussgipfel,21
1148,2022-08-04,Nussgipfel,18
1158,2022-08-18,Nussgipfel,18
1169,2022-09-02,Nussgipfel,19
1179,2022-09-16,Nussgipfel,14
1193,2022-10-06,Nussgipfel,22
1206,2022-10-25,Nussgipfel,17
1216,2022-11-08,Nussgipfel,14
1225,2022-11-21,Nussgipfel,17
1235,2022-12-05,Nussgipfel,17
1244,2022-12-16,Nussgipfel,10
1250,2023-01-03,Nussgipfel,16
1262,2023-01-19,Nussgipfel,16
1268,2023-01-27,Nussgipfel,22
1274,2023-02-06,Nussgipfel,14
1285,2023-02-21,Nussgipfel,17
1297,2023-03-09,Nussgipfel,29
1308,2023-03-24,Nussgipfel,18
1319,2023-04-12,Nussgipfel,13
1328,2023-04-25,Nussgipfel,14
1339,2023-05-10,Nussgipfel,36
1350,2023-05-26,Nussgipfel,22
1360,2023-06-12,Nussgipfel,19
1366,2023-06-20,Nussgipfel,28
1372,2023-06-28,Nussgipfel,11
1382,2023-07-12,Nussgipfel,15
1394,2023-07-28,Nussgipfel,19
1405,2023-08-15,Nussgipfel,32
1414,2023-08-28,Nussgipfel,18
1422,2023-09-07,Nussgipfel,16
1432,2023-09-21,Nussgipfel,24
1440,2023-10-03,Nussgipfel,3
1448,2023-10-13,Nussgipfel,29
1458,2023-10-27,Nussgipfel,13
1463,2023-11-03,Nussgipfel,16
1474,2023-11-20,Nussgipfel,25
1487,2023-12-07,Nussgipfel,13
1499,2024-01-03,Nussgipfel,11
1506,2024-01-12,Nussgipfel,13
1517,2024-01-29,Nussgipfel,19
1529,2024-02-14,Nussgipfel,11
1542,2024-03-04,Nussgipfel,25
1551,2024-03-15,Nussgipfel,18
1564,2024-04-05,Nussgipfel,12
1575,2024-04-22,Nussgipfel,15
1582,2024-05-01,Nussgipfel,25
1592,2024-05-16,Nussgipfel,15
1604,2024-06-04,Nussgipfel,19
1613,2024-06-17,Nussgipfel,19
1624,2024-07-02,Nussgipfel,22
1634,2024-07-16,Nussgipfel,37
1647,2024-08-05,Nussgipfel,41
1658,2024-08-20,Nussgipfel,26
1668,2024-09-03,Nussgipfel,29
1679,2024-09-18,Nussgipfel,10
1691,2024-10-04,Nussgipfel,17
166,2018-08-29,Nussgipfel,22
179,2018-09-17,Nussgipfel,13
184,2018-09-24,Nussgipfel,16
192,2018-10-04,Nussgipfel,22
198,2018-10-12,Nussgipfel,15
209,2018-10-29,Nussgipfel,19
219,2018-11-12,Nussgipfel,21
229,2018-11-26,Nussgipfel,15
240,2018-12-11,Nussgipfel,6
252,2019-01-07,Nussgipfel,9
263,2019-01-22,Nussgipfel,22
274,2019-02-06,Nussgipfel,19
285,2019-02-21,Nussgipfel,29
296,2019-03-08,Nussgipfel,13
306,2019-03-22,Nussgipfel,19
317,2019-04-08,Nussgipfel,17
326,2019-04-23,Nussgipfel,7
337,2019-05-08,Nussgipfel,15
351,2019-05-28,Nussgipfel,11
362,2019-06-14,Nussgipfel,12
372,2019-06-28,Nussgipfel,15
382,2019-07-12,Nussgipfel,15
392,2019-07-26,Nussgipfel,28
400,2019-08-08,Nussgipfel,22
410,2019-08-22,Nussgipfel,17
423,2019-09-10,Nussgipfel,19
434,2019-09-25,Nussgipfel,15
448,2019-10-15,Nussgipfel,11
456,2019-10-25,Nussgipfel,19
466,2019-11-08,Nussgipfel,14
476,2019-11-22,Nussgipfel,12
488,2019-12-10,Nussgipfel,13
495,2019-12-19,Nussgipfel,18
502,2020-01-09,Nussgipfel,16
508,2020-01-17,Nussgipfel,24
517,2020-01-30,Nussgipfel,18
527,2020-02-13,Nussgipfel,16
539,2020-03-02,Nussgipfel,8
548,2020-03-13,Nussgipfel,18
556,2020-03-25,Nussgipfel,16
566,2020-04-08,Nussgipfel,29
577,2020-04-27,Nussgipfel,18
587,2020-05-11,Nussgipfel,16
594,2020-05-20,Nussgipfel,18
604,2020-06-05,Nussgipfel,21
614,2020-06-19,Nussgipfel,21
624,2020-07-03,Nussgipfel,37
635,2020-07-20,Nussgipfel,21
642,2020-07-29,Nussgipfel,22
653,2020-08-13,Nussgipfel,21
664,2020-08-28,Nussgipfel,24
673,2020-09-10,Nussgipfel,19
682,2020-09-23,Nussgipfel,21
692,2020-10-07,Nussgipfel,12
699,2020-10-16,Nussgipfel,21
709,2020-10-30,Nussgipfel,22
720,2020-11-16,Nussgipfel,19
729,2020-11-27,Nussgipfel,30
739,2020-12-11,Nussgipfel,12
749,2021-01-04,Nussgipfel,19
763,2021-01-22,Nussgipfel,30
773,2021-02-05,Nussgipfel,21
782,2021-02-18,Nussgipfel,37
791,2021-03-03,Nussgipfel,18
801,2021-03-17,Nussgipfel,27
808,2021-03-26,Nussgipfel,29
817,2021-04-12,Nussgipfel,18
828,2021-04-27,Nussgipfel,19
836,2021-05-07,Nussgipfel,19
849,2021-05-28,Nussgipfel,21
860,2021-06-14,Nussgipfel,15
870,2021-06-28,Nussgipfel,14
883,2021-07-15,Nussgipfel,15
893,2021-07-29,Nussgipfel,29
903,2021-08-12,Nussgipfel,27
913,2021-08-26,Nussgipfel,22
926,2021-09-14,Nussgipfel,22
935,2021-09-27,Nussgipfel,16
944,2021-10-08,Nussgipfel,16
957,2021-10-27,Nussgipfel,18
969,2021-11-12,Nussgipfel,17
979,2021-11-26,Nussgipfel,18
988,2021-12-09,Nussgipfel,25
1000,2022-01-03,Nussgipfel,9
1007,2022-01-12,Nussgipfel,26
1014,2022-01-21,Nussgipfel,18
1025,2022-02-07,Nussgipfel,17
1033,2022-02-17,Nussgipfel,22
1042,2022-03-02,Nussgipfel,32
1052,2022-03-16,Nussgipfel,26
1063,2022-03-31,Nussgipfel,24
1074,2022-04-19,Nussgipfel,21
1086,2022-05-05,Nussgipfel,18
1098,2022-05-23,Nussgipfel,18
1112,2022-06-14,Nussgipfel,17
1123,2022-06-29,Nussgipfel,12
1134,2022-07-14,Nussgipfel,18
1144,2022-07-28,Nussgipfel,17
1154,2022-08-12,Nussgipfel,31
1162,2022-08-24,Nussgipfel,21
1171,2022-09-06,Nussgipfel,23
1183,2022-09-22,Nussgipfel,29
1190,2022-10-03,Nussgipfel,13
1196,2022-10-11,Nussgipfel,38
1203,2022-10-20,Nussgipfel,26
1213,2022-11-03,Nussgipfel,33
1223,2022-11-17,Nussgipfel,25
1234,2022-12-02,Nussgipfel,15
1245,2022-12-19,Nussgipfel,12
1251,2023-01-04,Nussgipfel,10
1257,2023-01-12,Nussgipfel,15
1269,2023-01-30,Nussgipfel,19
1279,2023-02-13,Nussgipfel,15
1289,2023-02-27,Nussgipfel,17
1301,2023-03-15,Nussgipfel,17
1312,2023-03-30,Nussgipfel,19
1323,2023-04-18,Nussgipfel,20
1334,2023-05-03,Nussgipfel,22
1345,2023-05-19,Nussgipfel,10
1352,2023-05-31,Nussgipfel,51
1363,2023-06-15,Nussgipfel,12
1377,2023-07-05,Nussgipfel,17
1387,2023-07-19,Nussgipfel,50
1396,2023-08-02,Nussgipfel,32
1407,2023-08-17,Nussgipfel,45
1416,2023-08-30,Nussgipfel,12
1428,2023-09-15,Nussgipfel,16
1438,2023-09-29,Nussgipfel,21
1449,2023-10-16,Nussgipfel,13
1460,2023-10-31,Nussgipfel,11
1471,2023-11-15,Nussgipfel,13
1483,2023-12-01,Nussgipfel,18
1490,2023-12-12,Nussgipfel,10
1500,2024-01-04,Nussgipfel,8
1511,2024-01-19,Nussgipfel,13
1522,2024-02-05,Nussgipfel,43
1531,2024-02-16,Nussgipfel,32
1538,2024-02-27,Nussgipfel,26
1552,2024-03-18,Nussgipfel,6
1561,2024-04-02,Nussgipfel,11
1566,2024-04-09,Nussgipfel,8
1574,2024-04-19,Nussgipfel,17
1583,2024-05-02,Nussgipfel,17
1593,2024-05-17,Nussgipfel,22
1603,2024-06-03,Nussgipfel,15
1614,2024-06-18,Nussgipfel,15
1623,2024-07-01,Nussgipfel,14
1632,2024-07-12,Nussgipfel,12
1645,2024-07-31,Nussgipfel,24
1655,2024-08-15,Nussgipfel,24
1665,2024-08-29,Nussgipfel,31
1676,2024-09-13,Nussgipfel,17
1683,2024-09-24,Nussgipfel,20
1690,2024-10-03,Nussgipfel,22
167,2018-08-30,Nussgipfel,34
178,2018-09-14,Nussgipfel,14
189,2018-10-01,Nussgipfel,13
200,2018-10-16,Nussgipfel,24
210,2018-10-30,Nussgipfel,14
223,2018-11-16,Nussgipfel,21
235,2018-12-04,Nussgipfel,12
243,2018-12-14,Nussgipfel,12
250,2019-01-03,Nussgipfel,19
261,2019-01-18,Nussgipfel,16
275,2019-02-07,Nussgipfel,21
286,2019-02-22,Nussgipfel,17
295,2019-03-07,Nussgipfel,25
305,2019-03-21,Nussgipfel,27
312,2019-04-01,Nussgipfel,23
322,2019-04-15,Nussgipfel,19
334,2019-05-03,Nussgipfel,18
340,2019-05-13,Nussgipfel,20
347,2019-05-22,Nussgipfel,18
358,2019-06-07,Nussgipfel,12
367,2019-06-21,Nussgipfel,17
379,2019-07-09,Nussgipfel,18
386,2019-07-18,Nussgipfel,23
396,2019-08-02,Nussgipfel,28
408,2019-08-20,Nussgipfel,11
421,2019-09-06,Nussgipfel,19
431,2019-09-20,Nussgipfel,30
440,2019-10-03,Nussgipfel,14
452,2019-10-21,Nussgipfel,9
463,2019-11-05,Nussgipfel,14
474,2019-11-20,Nussgipfel,16
487,2019-12-09,Nussgipfel,11
496,2019-12-20,Nussgipfel,20
503,2020-01-10,Nussgipfel,13
514,2020-01-27,Nussgipfel,13
528,2020-02-14,Nussgipfel,15
540,2020-03-03,Nussgipfel,16
551,2020-03-18,Nussgipfel,22
559,2020-03-30,Nussgipfel,16
573,2020-04-21,Nussgipfel,21
584,2020-05-06,Nussgipfel,19
595,2020-05-22,Nussgipfel,22
603,2020-06-04,Nussgipfel,19
612,2020-06-17,Nussgipfel,26
622,2020-07-01,Nussgipfel,35
634,2020-07-17,Nussgipfel,22
645,2020-08-03,Nussgipfel,16
658,2020-08-20,Nussgipfel,24
668,2020-09-03,Nussgipfel,14
677,2020-09-16,Nussgipfel,26
688,2020-10-01,Nussgipfel,22
702,2020-10-21,Nussgipfel,19
717,2020-11-11,Nussgipfel,21
727,2020-11-25,Nussgipfel,16
736,2020-12-08,Nussgipfel,15
748,2020-12-24,Nussgipfel,7
754,2021-01-11,Nussgipfel,19
761,2021-01-20,Nussgipfel,32
771,2021-02-03,Nussgipfel,16
781,2021-02-17,Nussgipfel,35
792,2021-03-04,Nussgipfel,16
803,2021-03-19,Nussgipfel,20
813,2021-04-06,Nussgipfel,18
822,2021-04-19,Nussgipfel,25
831,2021-04-30,Nussgipfel,15
839,2021-05-12,Nussgipfel,28
846,2021-05-25,Nussgipfel,19
857,2021-06-09,Nussgipfel,14
869,2021-06-25,Nussgipfel,20
875,2021-07-05,Nussgipfel,10
882,2021-07-14,Nussgipfel,23
892,2021-07-28,Nussgipfel,22
902,2021-08-11,Nussgipfel,15
912,2021-08-25,Nussgipfel,27
922,2021-09-08,Nussgipfel,22
934,2021-09-24,Nussgipfel,29
943,2021-10-07,Nussgipfel,22
953,2021-10-21,Nussgipfel,16
962,2021-11-03,Nussgipfel,18
974,2021-11-19,Nussgipfel,30
983,2021-12-02,Nussgipfel,13
994,2021-12-17,Nussgipfel,13
999,2021-12-24,Nussgipfel,7
1006,2022-01-11,Nussgipfel,14
1013,2022-01-20,Nussgipfel,23
1019,2022-01-28,Nussgipfel,18
1030,2022-02-14,Nussgipfel,26
1041,2022-03-01,Nussgipfel,17
1053,2022-03-17,Nussgipfel,28
1064,2022-04-01,Nussgipfel,19
1073,2022-04-14,Nussgipfel,18
1085,2022-05-04,Nussgipfel,18
1097,2022-05-20,Nussgipfel,19
1111,2022-06-13,Nussgipfel,58
1122,2022-06-28,Nussgipfel,17
1135,2022-07-15,Nussgipfel,25
1145,2022-07-29,Nussgipfel,19
1159,2022-08-19,Nussgipfel,17
1168,2022-09-01,Nussgipfel,25
1177,2022-09-14,Nussgipfel,20
1182,2022-09-21,Nussgipfel,18
1189,2022-09-30,Nussgipfel,14
1195,2022-10-10,Nussgipfel,15
1202,2022-10-19,Nussgipfel,16
1212,2022-11-02,Nussgipfel,24
1217,2022-11-09,Nussgipfel,12
1228,2022-11-24,Nussgipfel,27
1240,2022-12-12,Nussgipfel,11
1252,2023-01-05,Nussgipfel,17
1265,2023-01-24,Nussgipfel,14
1278,2023-02-10,Nussgipfel,27
1287,2023-02-23,Nussgipfel,25
1295,2023-03-07,Nussgipfel,16
1305,2023-03-21,Nussgipfel,7
1315,2023-04-04,Nussgipfel,32
1327,2023-04-24,Nussgipfel,21
1335,2023-05-04,Nussgipfel,29
1346,2023-05-22,Nussgipfel,27
1356,2023-06-06,Nussgipfel,12
1369,2023-06-23,Nussgipfel,17
1375,2023-07-03,Nussgipfel,11
1389,2023-07-21,Nussgipfel,21
1398,2023-08-04,Nussgipfel,18
1409,2023-08-21,Nussgipfel,24
1415,2023-08-29,Nussgipfel,12
1425,2023-09-12,Nussgipfel,21
1434,2023-09-25,Nussgipfel,16
1443,2023-10-06,Nussgipfel,16
1452,2023-10-19,Nussgipfel,17
1462,2023-11-02,Nussgipfel,28
1475,2023-11-21,Nussgipfel,10
1485,2023-12-05,Nussgipfel,12
1498,2023-12-22,Nussgipfel,10
1510,2024-01-18,Nussgipfel,17
1519,2024-01-31,Nussgipfel,11
1526,2024-02-09,Nussgipfel,25
1536,2024-02-23,Nussgipfel,14
1543,2024-03-05,Nussgipfel,38
1556,2024-03-22,Nussgipfel,20
1570,2024-04-15,Nussgipfel,10
1578,2024-04-25,Nussgipfel,20
1588,2024-05-10,Nussgipfel,17
1599,2024-05-28,Nussgipfel,16
1608,2024-06-10,Nussgipfel,57
1618,2024-06-24,Nussgipfel,15
1628,2024-07-08,Nussgipfel,16
1639,2024-07-23,Nussgipfel,12
1651,2024-08-09,Nussgipfel,32
1662,2024-08-26,Nussgipfel,14
1673,2024-09-10,Nussgipfel,22
1681,2024-09-20,Nussgipfel,14
1688,2024-10-01,Nussgipfel,10
1694,2024-10-09,Nussgipfel,17
1659,2024-08-21,Nussgipfel,18
1669,2024-09-04,Nussgipfel,15
1677,2024-09-16,Nussgipfel,18
1687,2024-09-30,Nussgipfel,21
1678,2024-09-17,Nussgipfel,18
1692,2024-10-07,Nussgipfel,18
